model,parms,RMSE (m^2),EF,d_r
my precious,5,0.052658968,0.9108812521389729,0.8772949684896107