model,parms,RMSE,EF,d_r
my precious,5,0.0556741390563554,0.9003834699719172,0.8703201600089381
